<?xml version="1.0" encoding="UTF-8"?>
<project-private xmlns="http://www.netbeans.org/ns/project-private/1">
    <editor-bookmarks xmlns="http://www.netbeans.org/ns/editor-bookmarks/2" lastBookmarkId="2">
        <file>
            <url>application/controllers/User.php</url>
            <bookmark id="1">
                <name/>
                <line>269</line>
                <key/>
            </bookmark>
            <bookmark id="2">
                <name/>
                <line>269</line>
                <key/>
            </bookmark>
        </file>
    </editor-bookmarks>
    <open-files xmlns="http://www.netbeans.org/ns/projectui-open-files/2">
        <group>

            <file>file:/C:/xampp/htdocs/petex/application/controllers/Admin.php</file>
            <file>file:/C:/xampp/htdocs/petex/application/models/user_model.php</file>
            <file>file:/C:/xampp/htdocs/petex/application/controllers/User.php</file>
            <file>file:/C:/xampp/htdocs/PetEx/application/controllers/Admin.php</file>
            <file>file:/C:/xampp/htdocs/PetEx/application/models/admin_model.php</file>
            <file>file:/C:/xampp/htdocs/PetEx/application/models/user_model.php</file>
            <file>file:/C:/xampp/htdocs/PetEx/application/views/user/petAdoption.php</file>
            <file>file:/C:/xampp/htdocs/PetEx/application/controllers/User.php</file>
            <file>file:/C:/xampp/htdocs/PetEx/application/views/admin/petDatabase.php</file>
            <file>file:/C:/xampp/htdocs/PetEx/application/views/user/myPets.php</file>
        </group>
    </open-files>
</project-private>
